row_number,_id,name,surname,birthdate,username,email,password,account_create_date,last_login_time
10000,655125,Ryszard,Bukowiec,1979-10-26,marcin8612,kamila204@example.com,$2b$12$hashed_password_example,2020-12-05,2021-12-17 03:27:29
20000,660137,Tadeusz,Lisik,2005-08-26,rbogumil2,konrad813@example.net,$2b$12$hashed_password_example,2020-12-23,2025-10-06 22:23:36
30000,886832,Nela,Oczkowicz,1975-11-24,roksanawieclawek,cziegler2@example.net,$2b$12$hashed_password_example,2021-01-10,2021-04-05 19:17:31
40000,984841,Marcel,Podeszwa,1998-10-15,alex3614,letkiewiczsonia@example.com,$2b$12$hashed_password_example,2021-01-28,2021-05-25 23:28:53
50000,334716,Aurelia,Kujda,1987-09-27,joniakprzemyslaw,staniaszeknikodem1@example.net,$2b$12$hashed_password_example,2021-02-16,2022-01-15 22:03:17
60000,624766,Ryszard,Reiter,1977-11-25,oskarpoleszak2,kornelianyc@example.net,$2b$12$hashed_password_example,2021-03-06,
70000,796845,Angelika,Sykut,1979-05-07,ignacy7813,ksawerywelc@example.org,$2b$12$hashed_password_example,2021-03-24,2021-07-13 13:36:17
80000,210609,Marianna,Starostka,1972-08-17,tobiaszstachow,upyzel@example.org,$2b$12$hashed_password_example,2021-04-12,2024-06-19 12:42:16
90000,493002,Ignacy,Jargieło,1978-09-28,rozalia134,wyderkakonstanty@example.org,$2b$12$hashed_password_example,2021-04-30,2023-06-10 09:16:20
100000,628522,Dagmara,Składanek,1971-03-23,jerzy3611,malwina913@example.net,$2b$12$hashed_password_example,2021-05-18,2023-04-27 23:29:32
110000,1082532,Robert,Strójwąs,1992-03-20,leonard4026,maciej516@example.net,$2b$12$hashed_password_example,2021-06-05,2025-07-29 23:19:14
120000,139621,Kaja,Szeszko,1969-10-18,leon511,anna-maria57@example.org,$2b$12$hashed_password_example,2021-06-24,2023-07-05 16:19:37
130000,543049,Aniela,Szpara,1999-03-29,jbryczek1,adriannametel@example.net,$2b$12$hashed_password_example,2021-07-12,2024-11-20 09:29:58
140000,943573,Kajetan,Zagrodnik,1978-03-11,mateuszbabol,jedrzej418@example.org,$2b$12$hashed_password_example,2021-07-30,2025-02-12 20:49:17
150000,501188,Róża,Goliasz,1978-08-11,zguzniczak3,witold652@example.net,$2b$12$hashed_password_example,2021-08-18,2023-12-08 08:00:26
160000,831275,Olga,Szałaj,1972-08-26,iwo0717,mieszkodlubak@example.net,$2b$12$hashed_password_example,2021-09-05,2025-08-06 01:08:55
170000,1061851,Janina,Hajdasz,1991-01-14,mariuszpakosz,anitatrochimiuk1@example.org,$2b$12$hashed_password_example,2021-09-23,2021-12-18 01:58:06
180000,332307,Igor,Sajewicz,1987-06-29,mserwach1,marika091@example.com,$2b$12$hashed_password_example,2021-10-12,2023-05-15 02:06:11
190000,654822,Sara,Naczk,2000-12-28,wcwierz,qkojder@example.org,$2b$12$hashed_password_example,2021-10-30,2022-09-09 21:16:57
200000,855427,Daniel,Kandora,1988-01-21,ostapczukkrystyna,gustaw175@example.org,$2b$12$hashed_password_example,2021-11-17,2025-01-16 20:01:49
210000,978843,Tadeusz,Pietrusiak,1976-01-18,alex5020,witoldpuc@example.org,$2b$12$hashed_password_example,2021-12-05,2024-03-08 19:01:19
220000,374666,Cyprian,Sasak,1968-12-07,zgiersz,ewa344@example.org,$2b$12$hashed_password_example,2021-12-24,
230000,658086,Tomasz,Juroszek,1967-04-22,damian849,eryk803@example.com,$2b$12$hashed_password_example,2022-01-11,2022-11-25 06:30:07
240000,1005628,Olga,Ufniarz,2002-12-12,kojksawery,krystianmolek1@example.net,$2b$12$hashed_password_example,2022-01-29,2023-07-05 01:31:49
250000,444434,Adam,Mordak,1995-09-25,marcelina024,apolonia534@example.net,$2b$12$hashed_password_example,2022-02-17,2023-05-20 22:37:01
260000,890871,Oskar,Kłosiewicz,1973-09-22,agnieszkaszeja1,kamilheczko@example.com,$2b$12$hashed_password_example,2022-03-07,2024-05-07 14:11:49
270000,329205,Piotr,Ostafin,1990-12-25,sjasica,urszulaszczepaniuk@example.org,$2b$12$hashed_password_example,2022-03-26,2024-02-25 21:41:12
280000,628291,Dawid,Pospiech,2007-09-16,ltrybus5,wsudnik@example.net,$2b$12$hashed_password_example,2022-04-13,2024-01-14 16:53:59
290000,802332,Natan,Koczy,1966-02-27,karina0615,kpastuszko1@example.com,$2b$12$hashed_password_example,2022-05-01,2023-08-04 07:49:57
300000,860984,Sonia,Muzyk,2007-11-14,klaradietrich,natanielszuta@example.net,$2b$12$hashed_password_example,2022-05-19,2022-11-17 11:49:36
310000,209479,Karol,Tuzimek,1967-04-22,klingaja,suchoraolaf@example.org,$2b$12$hashed_password_example,2022-06-07,2025-06-30 21:37:56
320000,599506,Jeremi,Orkisz,1986-12-26,lepekjeremi,igor011@example.com,$2b$12$hashed_password_example,2022-06-25,
330000,955704,Konstanty,Flasza,2001-09-07,bkwapien2,wderylo@example.com,$2b$12$hashed_password_example,2022-07-13,
340000,411944,Kamila,Mulawa,1996-10-08,galikdariusz,mieszko564@example.org,$2b$12$hashed_password_example,2022-08-01,2023-01-07 06:04:18
350000,972404,Fabian,Kuban,1980-10-03,szumilojerzy1,pawlukiewiczblanka2@example.com,$2b$12$hashed_password_example,2022-08-19,2023-07-16 02:45:02
360000,1089939,Błażej,Goral,2003-05-24,ezelasko2,juliannamorka@example.org,$2b$12$hashed_password_example,2022-09-06,2023-10-04 15:21:32
370000,322517,Jan,Kopciuch,1968-10-26,lgolan,milosz831@example.com,$2b$12$hashed_password_example,2022-09-25,2024-04-20 23:43:56
380000,421831,Dominik,Brząkała,1981-10-21,olgalorens,hubertsoliwoda@example.com,$2b$12$hashed_password_example,2022-10-13,2023-07-04 07:46:11
390000,555113,Patryk,Bochnia,2008-02-20,alexdys,buchalikanastazja@example.com,$2b$12$hashed_password_example,2022-10-31,2023-08-31 05:31:24
400000,869860,Jacek,Pajda,1990-05-02,osojcajulian1,stefan107@example.org,$2b$12$hashed_password_example,2022-11-18,2023-03-18 02:59:59
410000,889445,Leon,Lew,1971-05-14,omlynczak2,manistakrystyna@example.org,$2b$12$hashed_password_example,2022-12-06,2024-11-19 10:53:35
420000,989693,Marek,Szmaj,1982-07-26,alexamanowicz,ada356@example.org,$2b$12$hashed_password_example,2022-12-24,
430000,180734,Andrzej,Szpyra,1980-01-04,jkluczek,alex021@example.net,$2b$12$hashed_password_example,2023-01-12,2023-09-04 03:02:54
440000,435587,Fryderyk,Szpala,2008-05-13,krzysztof087,ewa122@example.org,$2b$12$hashed_password_example,2023-01-30,2024-08-28 22:39:19
450000,671861,Urszula,Matus,2000-12-03,sebastianzdonek,borczykmarek@example.com,$2b$12$hashed_password_example,2023-02-17,2025-10-16 09:38:18
460000,210679,Adrian,Gramza,2001-04-05,zytoernest,hasiakeliza@example.net,$2b$12$hashed_password_example,2023-03-08,2025-06-21 20:56:38
470000,825599,Klara,Stosio,1986-02-12,antoni2010,kazimierz967@example.org,$2b$12$hashed_password_example,2023-03-26,2025-06-11 03:14:41
480000,414471,Bruno,Chyb,1978-11-12,tomasz813,bartektoloczko@example.com,$2b$12$hashed_password_example,2023-04-14,2023-08-30 09:05:38
490000,822028,Tomasz,Żółtek,1986-09-20,maciej3912,patryk407@example.com,$2b$12$hashed_password_example,2023-05-02,2025-06-04 13:26:31
500000,142709,Rafał,Pytlarz,1993-09-21,qaniola,maurycy93@example.com,$2b$12$hashed_password_example,2023-05-21,2025-08-26 23:30:25
510000,165954,Piotr,Judek,1990-08-26,betlejolgierd,wielgosklara@example.org,$2b$12$hashed_password_example,2023-06-08,2025-02-06 13:18:27
520000,591551,Gabriel,Borkowicz,2001-06-29,leonardfudalej,majczynaewa@example.net,$2b$12$hashed_password_example,2023-06-26,2024-02-16 23:24:12
530000,696226,Józef,Tyczka,1970-10-30,dzikaroksana1,krembisz@example.org,$2b$12$hashed_password_example,2023-07-14,2025-05-01 20:43:42
540000,697784,Sebastian,Szołtysik,2003-01-06,lmuniak,konstantyfiutak@example.org,$2b$12$hashed_password_example,2023-08-01,2024-04-10 16:28:23
550000,737989,Anita,Trybus,2007-03-08,sarazelazo,ckielbus2@example.org,$2b$12$hashed_password_example,2023-08-19,2024-06-14 10:48:25
560000,796447,Kazimierz,Linek,1983-11-30,kornelia2519,kalinaandziak@example.com,$2b$12$hashed_password_example,2023-09-06,2025-04-09 07:34:15
570000,1098205,Tomasz,Karnas,1997-12-23,tolafularczyk1,uprzerwa3@example.com,$2b$12$hashed_password_example,2023-09-24,2025-02-04 17:23:51
580000,131091,Filip,Pospiech,1969-09-25,rdywan,stanislawstyrna@example.com,$2b$12$hashed_password_example,2023-10-13,
590000,769744,Sylwia,Rosłoń,1986-12-07,igor2513,tobiaszmaszkiewicz@example.net,$2b$12$hashed_password_example,2023-10-31,2024-08-14 08:07:03
600000,150028,Leon,Nawój,2005-09-29,oskar783,szymon45@example.org,$2b$12$hashed_password_example,2023-11-19,2024-01-07 17:01:40
610000,728500,Kornelia,Frymus,1995-02-06,konstanty7911,pronobisnatan@example.org,$2b$12$hashed_password_example,2023-12-07,2024-06-24 13:07:17
620000,850568,Filip,Czopik,2003-07-03,dariuszdyjas,jazwiecmaksymilian1@example.com,$2b$12$hashed_password_example,2023-12-25,2025-08-21 05:15:53
630000,525863,Marcel,Hołysz,1999-12-09,udziewa2,mieszko442@example.net,$2b$12$hashed_password_example,2024-01-12,2024-07-26 18:24:31
640000,891943,Eryk,Koterba,1978-05-06,ghetmanczyk3,szumnygaja@example.org,$2b$12$hashed_password_example,2024-01-30,2024-02-10 11:09:50
650000,1090195,Ewa,Łyskawa,1995-04-19,aniela6822,sjarka3@example.com,$2b$12$hashed_password_example,2024-02-17,2025-05-25 22:05:51
660000,198469,Damian,Batóg,1978-04-03,brydaantoni,erykmateusiak@example.com,$2b$12$hashed_password_example,2024-03-07,2025-10-13 04:05:09
670000,652830,Iwo,Rejmak,2000-10-15,tymoteusz3212,aureliatatarczuk@example.org,$2b$12$hashed_password_example,2024-03-25,2025-08-08 19:35:37
680000,852158,Damian,Warmuz,1988-07-02,adakwasek,dagmaraligas@example.org,$2b$12$hashed_password_example,2024-04-12,2024-09-21 22:27:11
690000,128810,Patryk,Wasilewicz,1994-12-19,krystianjeske,gregorczukmaksymilian@example.org,$2b$12$hashed_password_example,2024-05-01,2025-11-11 13:32:48
700000,750737,Krystian,Ankiewicz,1967-09-17,iworajda1,samulrobert@example.com,$2b$12$hashed_password_example,2024-05-19,2024-07-09 20:15:29
710000,970225,Natasza,Cacko,1999-11-19,stanislaw9717,gubernatadam@example.com,$2b$12$hashed_password_example,2024-06-06,2025-10-04 03:11:24
720000,298249,Maks,Mysior,2001-04-28,fiutakjakub,juliannaornat@example.org,$2b$12$hashed_password_example,2024-06-25,2025-02-04 08:37:19
730000,599943,Jacek,Owsianka,1976-12-09,marikadys,apoloniarzeszutko@example.com,$2b$12$hashed_password_example,2024-07-13,2024-11-12 23:30:53
740000,910332,Damian,Pela,1970-01-15,adawalaszek1,siemieniecleonard1@example.com,$2b$12$hashed_password_example,2024-07-31,2025-09-01 23:39:14
750000,337782,Kazimierz,Kwapień,1969-06-22,mmytych1,robertsklorz@example.org,$2b$12$hashed_password_example,2024-08-19,2025-11-07 15:44:43
760000,279785,Albert,Waniek,1993-03-03,dagmaratlalka,ignacy581@example.com,$2b$12$hashed_password_example,2024-09-06,2025-07-30 05:26:13
770000,269260,Gustaw,Krzyśków,1995-04-23,juliannapiwek1,inga60@example.org,$2b$12$hashed_password_example,2024-09-24,2025-06-10 01:13:40
780000,306305,Maksymilian,Warmuz,1997-03-17,jacekbryndza,fnijak@example.net,$2b$12$hashed_password_example,2024-10-12,2025-08-24 20:24:49
790000,579769,Oskar,Szczerek,2001-07-21,dykaapolonia,juliuszbudzyn@example.com,$2b$12$hashed_password_example,2024-10-30,2025-11-09 06:48:57
800000,854875,Eliza,Luks,1972-09-06,ddziopa6,aleksanderhumeniuk@example.net,$2b$12$hashed_password_example,2024-11-17,2025-01-25 06:04:18
810000,863071,Konrad,Grzesiek,1999-03-28,rzeszutkofryderyk,ryszard155@example.com,$2b$12$hashed_password_example,2024-12-05,2025-03-12 14:58:06
820000,896616,Stefan,Litwinowicz,1990-11-26,vparda5,jachimczykkrystyna@example.net,$2b$12$hashed_password_example,2024-12-23,2025-06-06 12:42:21
830000,1066862,Justyna,Tomaszkiewicz,1990-03-07,oleszczakryszard,dunalmilosz@example.org,$2b$12$hashed_password_example,2025-01-10,2025-01-20 08:18:38
840000,472423,Hubert,Kokosza,1968-07-12,opyszny1,kurczabpiotr@example.net,$2b$12$hashed_password_example,2025-01-29,2025-05-07 04:14:48
850000,1010564,Adam,Skotarek,2007-01-13,jbielas1,komisarczykeryk@example.com,$2b$12$hashed_password_example,2025-02-16,2025-04-09 20:32:57
860000,1056905,Daniel,Palica,2004-09-07,andrzejpadlo,nikodem115@example.com,$2b$12$hashed_password_example,2025-03-06,2025-07-25 02:32:42
870000,852254,Fabian,Dzikiewicz,1972-11-19,korneliaczerwionka,angelikabzdziuch@example.com,$2b$12$hashed_password_example,2025-03-25,2025-10-31 16:42:35
880000,1034373,Paweł,Gosik,2003-11-22,kornelloj1,tola688@example.com,$2b$12$hashed_password_example,2025-04-12,2025-05-15 02:31:47
890000,112323,Klara,Węgrzynek,1982-10-17,stefanjodko1,fsiarkiewicz@example.net,$2b$12$hashed_password_example,2025-05-01,2025-07-14 20:43:02
900000,500357,Miłosz,Więckiewicz,2001-02-06,dominikturczyk,klemczakjuliusz@example.com,$2b$12$hashed_password_example,2025-05-19,2025-08-19 04:40:46
910000,788042,Kamila,Wosiek,1990-04-16,witold2410,uwijata@example.net,$2b$12$hashed_password_example,2025-06-06,2025-09-13 17:01:09
920000,918274,Angelika,Duczek,1984-06-14,vpiorek5,jacek507@example.net,$2b$12$hashed_password_example,2025-06-24,2025-10-24 21:55:20
930000,155583,Krystyna,Żelazek,1984-09-22,dawid721,kornelia81@example.net,$2b$12$hashed_password_example,2025-07-13,2025-08-28 10:30:30
940000,349436,Marianna,Hejduk,1993-12-22,gwieja,blankakamieniak@example.org,$2b$12$hashed_password_example,2025-07-31,2025-10-19 18:26:35
950000,597726,Juliusz,Szymała,1990-03-18,zubeljeremi,maks235@example.org,$2b$12$hashed_password_example,2025-08-18,2025-09-12 14:30:57
960000,846791,Sebastian,Stojak,1967-12-02,cezaryoczko,olgierdsabala@example.org,$2b$12$hashed_password_example,2025-09-05,2025-11-13 03:10:37
970000,1028864,Alex,Andrukiewicz,2005-03-10,nikodem2916,maciej723@example.com,$2b$12$hashed_password_example,2025-09-23,2025-11-08 16:44:56
980000,322814,Melania,Sanetra,1970-02-15,damianhamrol,paprotnykarol@example.com,$2b$12$hashed_password_example,2025-10-12,2025-10-31 18:07:55
990000,696209,Ida,Domka,2006-10-03,sebastianfronia1,lesnymarcel@example.com,$2b$12$hashed_password_example,2025-10-30,2025-11-13 23:16:40
1000000,1104244,Franciszek,Niedbał,1998-09-07,adamskoneczna,albertkobos@example.org,$2b$12$hashed_password_example,2025-11-17,2025-11-17 11:58:22
